{
  "MaxStress": 0,
  "NodesManager": {
    "IDs": [
      0,
      1,
      2
    ],
    "Nodes": [
      {
        "IsBase": true,
        "Id": 0,
        "Force": 0,
        "Pos": {}
      },
      {
        "IsBase": false,
        "Id": 1,
        "Force": -2,
        "Pos": {}
      },
      {
        "IsBase": false,
        "Id": 2,
        "Force": 0,
        "Pos": {}
      }
    ]
  },
  "RodsManager": {
    "IDs": [
      0,
      1
    ],
    "Rods": [
      {
        "Length": 2,
        "Area": 2,
        "Elasticity": 1,
        "Load": 0,
        "Force": 0,
        "StartNodeIndex": 0,
        "EndNodeIndex": 1
      },
      {
        "Length": 1,
        "Area": 1,
        "Elasticity": 1,
        "Load": 1,
        "Force": 1,
        "StartNodeIndex": 1,
        "EndNodeIndex": 2
      }
    ]
  },
  "Deltas": null,
  "DeltasPoints": null,
  "NormalForces": null,
  "NormalForcesPoints": null,
  "Stresses": null,
  "StressesPoints": null,
  "CalculationStep": 0
}